cast,show_id
Rupali Ganguly,s1
Sudhanshu Pandey,s1
Gaurav Khanna,s1
Ayesha Singh,s2
Neil Bhatt,s2
Aishwarya Sharma,s2
Giaa Manek,s3
Shubhangi Atre,s3
Rohitashv Gour,s3
Sneha Wagh,s4
Aditya Ojha,s4
Jatin Shah,s4
Jennifer Winget,s5
Karan Singh Grover,s5
Karan Wahi,s5
Shivangi Joshi,s6
Mohsin Khan,s6
Reyhna Malhotra,s6
Dilip Joshi,s7
Disha Vakani,s7
Bhavya Gandhi,s7
Tejasswi Prakash,s8
Simba Nagpal,s8
Karan Kundrra,s8
Aditi Bhagat,s9
Rahul Sharma,s9
Nikhil Mehta,s9
Helly Shah,s10
Karanvir Bohra,s10
Additi Gupta,s10
Mouni Roy,s11
Karan Tacker,s11
Suzanna Mukherjee,s11
Sriti Jha,s12
Shabbir Ahluwalia,s12
Supriya Shukla,s12
David Harbour,s51
Winona Ryder,s51
Millie Bobby Brown,s51
Finn Wolfhard,s51
Pedro Pascal,s52
Bella Ramsey,s52
Gabriel Luna,s52
Jason Sudeikis,s53
Hannah Waddingham,s53
Brett Goldstein,s53
Bryan Cranston,s54
Aaron Paul,s54
Anna Gunn,s54
Kit Harington,s55
Emilia Clarke,s55
Peter Dinklage,s55
Rami Malek,s56
Christian Slater,s56
Carly Chaikin,s56
Evan Peters,s57
Sarah Paulson,s57
Jessica Lange,s57
Jennifer Aniston,s58
Courteney Cox,s58
Lisa Kudrow,s58
Claire Danes,s59
Damian Lewis,s59
Mandy Patinkin,s59
Millie Bobby Brown,s60
Henry Cavill,s60
Sam Claflin,s60
Noah Schnapp,s61
Helena Bonham Carter,s61
Nick Offerman,s61
Bob Odenkirk,s62
Rhea Seehorn,s62
Jonathan Banks,s62
Emma Stone,s63
Emma Stone,s63
Jonah Hill,s63
Emma Corrin,s64
Matt Smith,s64
Olivia Colman,s64
Anya Taylor-Joy,s65
Harry Melling,s65
Moses Ingram,s65
Henry Cavill,s66
Freya Allan,s66
Anya Chalotra,s66
Steve Carell,s67
John Krasinski,s67
Jenna Fischer,s67
Maisie Williams,s68
Sophie Turner,s68
Isaac Hempstead Wright,s68
Ellen Pompeo,s69
Patrick Dempsey,s69
Sandra Oh,s69
Charlie Hunnam,s70
Katey Sagal,s70
Mark Boone Junior,s70